1_-20.jpg,земляного родилась
1_-19.jpg,земляного родилась
1_-18.jpg,земляного родилась
1_-17.jpg,земляного родилась
1_-16.jpg,земляного родилась
1_-15.jpg,земляного родилась
1_-14.jpg,земляного родилась
1_-13.jpg,земляного родилась
1_-12.jpg,земляного родилась
1_-11.jpg,земляного родилась
1_-10.jpg,земляного родилась
1_-9.jpg,земляного родилась
1_-8.jpg,земляного родилась
1_-7.jpg,земляного родилась
1_-6.jpg,земляного родилась
1_-5.jpg,земляного родилась
1_-4.jpg,земляного родилась
1_-3.jpg,земляного родилась
1_-2.jpg,земляного родилась
1_-1.jpg,земляного родилась
1_0.jpg,земляного родилась
1_1.jpg,земляного родилась
1_2.jpg,земляного родилась
1_3.jpg,земляного родилась
1_4.jpg,земляного родилась
1_5.jpg,земляного родилась
1_6.jpg,земляного родилась
1_7.jpg,земляного родилась
1_8.jpg,земляного родилась
1_9.jpg,земляного родилась
1_10.jpg,земляного родилась
1_11.jpg,земляного родилась
1_12.jpg,земляного родилась
1_13.jpg,земляного родилась
1_14.jpg,земляного родилась
1_15.jpg,земляного родилась
1_16.jpg,земляного родилась
1_17.jpg,земляного родилась
1_18.jpg,земляного родилась
1_19.jpg,земляного родилась
1_20.jpg,земляного родилась
10_-20.jpg,охотно нанял
10_-19.jpg,охотно нанял
10_-18.jpg,охотно нанял
10_-17.jpg,охотно нанял
10_-16.jpg,охотно нанял
10_-15.jpg,охотно нанял
10_-14.jpg,охотно нанял
10_-13.jpg,охотно нанял
10_-12.jpg,охотно нанял
10_-11.jpg,охотно нанял
10_-10.jpg,охотно нанял
10_-9.jpg,охотно нанял
10_-8.jpg,охотно нанял
10_-7.jpg,охотно нанял
10_-6.jpg,охотно нанял
10_-5.jpg,охотно нанял
10_-4.jpg,охотно нанял
10_-3.jpg,охотно нанял
10_-2.jpg,охотно нанял
10_-1.jpg,охотно нанял
10_0.jpg,охотно нанял
10_1.jpg,охотно нанял
10_2.jpg,охотно нанял
10_3.jpg,охотно нанял
10_4.jpg,охотно нанял
10_5.jpg,охотно нанял
10_6.jpg,охотно нанял
10_7.jpg,охотно нанял
10_8.jpg,охотно нанял
10_9.jpg,охотно нанял
10_10.jpg,охотно нанял
10_11.jpg,охотно нанял
10_12.jpg,охотно нанял
10_13.jpg,охотно нанял
10_14.jpg,охотно нанял
10_15.jpg,охотно нанял
10_16.jpg,охотно нанял
10_17.jpg,охотно нанял
10_18.jpg,охотно нанял
10_19.jpg,охотно нанял
10_20.jpg,охотно нанял
11_-20.jpg,croaked растаял
11_-19.jpg,croaked растаял
11_-18.jpg,croaked растаял
11_-17.jpg,croaked растаял
11_-16.jpg,croaked растаял
11_-15.jpg,croaked растаял
11_-14.jpg,croaked растаял
11_-13.jpg,croaked растаял
11_-12.jpg,croaked растаял
11_-11.jpg,croaked растаял
11_-10.jpg,croaked растаял
11_-9.jpg,croaked растаял
11_-8.jpg,croaked растаял
11_-7.jpg,croaked растаял
11_-6.jpg,croaked растаял
11_-5.jpg,croaked растаял
11_-4.jpg,croaked растаял
11_-3.jpg,croaked растаял
11_-2.jpg,croaked растаял
11_-1.jpg,croaked растаял
11_0.jpg,croaked растаял
11_1.jpg,croaked растаял
11_2.jpg,croaked растаял
11_3.jpg,croaked растаял
11_4.jpg,croaked растаял
11_5.jpg,croaked растаял
11_6.jpg,croaked растаял
11_7.jpg,croaked растаял
11_8.jpg,croaked растаял
11_9.jpg,croaked растаял
11_10.jpg,croaked растаял
11_11.jpg,croaked растаял
11_12.jpg,croaked растаял
11_13.jpg,croaked растаял
11_14.jpg,croaked растаял
11_15.jpg,croaked растаял
11_16.jpg,croaked растаял
11_17.jpg,croaked растаял
11_18.jpg,croaked растаял
11_19.jpg,croaked растаял
11_20.jpg,croaked растаял
2_-20.jpg,дружбу cloudless
2_-19.jpg,дружбу cloudless
2_-18.jpg,дружбу cloudless
2_-17.jpg,дружбу cloudless
2_-16.jpg,дружбу cloudless
2_-15.jpg,дружбу cloudless
2_-14.jpg,дружбу cloudless
2_-13.jpg,дружбу cloudless
2_-12.jpg,дружбу cloudless
2_-11.jpg,дружбу cloudless
2_-10.jpg,дружбу cloudless
2_-9.jpg,дружбу cloudless
2_-8.jpg,дружбу cloudless
2_-7.jpg,дружбу cloudless
2_-6.jpg,дружбу cloudless
2_-5.jpg,дружбу cloudless
2_-4.jpg,дружбу cloudless
2_-3.jpg,дружбу cloudless
2_-2.jpg,дружбу cloudless
2_-1.jpg,дружбу cloudless
2_0.jpg,дружбу cloudless
2_1.jpg,дружбу cloudless
2_2.jpg,дружбу cloudless
2_3.jpg,дружбу cloudless
2_4.jpg,дружбу cloudless
2_5.jpg,дружбу cloudless
2_6.jpg,дружбу cloudless
2_7.jpg,дружбу cloudless
2_8.jpg,дружбу cloudless
2_9.jpg,дружбу cloudless
2_10.jpg,дружбу cloudless
2_11.jpg,дружбу cloudless
2_12.jpg,дружбу cloudless
2_13.jpg,дружбу cloudless
2_14.jpg,дружбу cloudless
2_15.jpg,дружбу cloudless
2_16.jpg,дружбу cloudless
2_17.jpg,дружбу cloudless
2_18.jpg,дружбу cloudless
2_19.jpg,дружбу cloudless
2_20.jpg,дружбу cloudless
3_-20.jpg,застыло безопасно
3_-19.jpg,застыло безопасно
3_-18.jpg,застыло безопасно
3_-17.jpg,застыло безопасно
3_-16.jpg,застыло безопасно
3_-15.jpg,застыло безопасно
3_-14.jpg,застыло безопасно
3_-13.jpg,застыло безопасно
3_-12.jpg,застыло безопасно
3_-11.jpg,застыло безопасно
3_-10.jpg,застыло безопасно
3_-9.jpg,застыло безопасно
3_-8.jpg,застыло безопасно
3_-7.jpg,застыло безопасно
3_-6.jpg,застыло безопасно
3_-5.jpg,застыло безопасно
3_-4.jpg,застыло безопасно
3_-3.jpg,застыло безопасно
3_-2.jpg,застыло безопасно
3_-1.jpg,застыло безопасно
3_0.jpg,застыло безопасно
3_1.jpg,застыло безопасно
3_2.jpg,застыло безопасно
3_3.jpg,застыло безопасно
3_4.jpg,застыло безопасно
3_5.jpg,застыло безопасно
3_6.jpg,застыло безопасно
3_7.jpg,застыло безопасно
3_8.jpg,застыло безопасно
3_9.jpg,застыло безопасно
3_10.jpg,застыло безопасно
3_11.jpg,застыло безопасно
3_12.jpg,застыло безопасно
3_13.jpg,застыло безопасно
3_14.jpg,застыло безопасно
3_15.jpg,застыло безопасно
3_16.jpg,застыло безопасно
3_17.jpg,застыло безопасно
3_18.jpg,застыло безопасно
3_19.jpg,застыло безопасно
3_20.jpg,застыло безопасно
4_-20.jpg,величии лишил
4_-19.jpg,величии лишил
4_-18.jpg,величии лишил
4_-17.jpg,величии лишил
4_-16.jpg,величии лишил
4_-15.jpg,величии лишил
4_-14.jpg,величии лишил
4_-13.jpg,величии лишил
4_-12.jpg,величии лишил
4_-11.jpg,величии лишил
4_-10.jpg,величии лишил
4_-9.jpg,величии лишил
4_-8.jpg,величии лишил
4_-7.jpg,величии лишил
4_-6.jpg,величии лишил
4_-5.jpg,величии лишил
4_-4.jpg,величии лишил
4_-3.jpg,величии лишил
4_-2.jpg,величии лишил
4_-1.jpg,величии лишил
4_0.jpg,величии лишил
4_1.jpg,величии лишил
4_2.jpg,величии лишил
4_3.jpg,величии лишил
4_4.jpg,величии лишил
4_5.jpg,величии лишил
4_6.jpg,величии лишил
4_7.jpg,величии лишил
4_8.jpg,величии лишил
4_9.jpg,величии лишил
4_10.jpg,величии лишил
4_11.jpg,величии лишил
4_12.jpg,величии лишил
4_13.jpg,величии лишил
4_14.jpg,величии лишил
4_15.jpg,величии лишил
4_16.jpg,величии лишил
4_17.jpg,величии лишил
4_18.jpg,величии лишил
4_19.jpg,величии лишил
4_20.jpg,величии лишил
5_-20.jpg,croaked растаял
5_-19.jpg,croaked растаял
5_-18.jpg,croaked растаял
5_-17.jpg,croaked растаял
5_-16.jpg,croaked растаял
5_-15.jpg,croaked растаял
5_-14.jpg,croaked растаял
5_-13.jpg,croaked растаял
5_-12.jpg,croaked растаял
5_-11.jpg,croaked растаял
5_-10.jpg,croaked растаял
5_-9.jpg,croaked растаял
5_-8.jpg,croaked растаял
5_-7.jpg,croaked растаял
5_-6.jpg,croaked растаял
5_-5.jpg,croaked растаял
5_-4.jpg,croaked растаял
5_-3.jpg,croaked растаял
5_-2.jpg,croaked растаял
5_-1.jpg,croaked растаял
5_0.jpg,croaked растаял
5_1.jpg,croaked растаял
5_2.jpg,croaked растаял
5_3.jpg,croaked растаял
5_4.jpg,croaked растаял
5_5.jpg,croaked растаял
5_6.jpg,croaked растаял
5_7.jpg,croaked растаял
5_8.jpg,croaked растаял
5_9.jpg,croaked растаял
5_10.jpg,croaked растаял
5_11.jpg,croaked растаял
5_12.jpg,croaked растаял
5_13.jpg,croaked растаял
5_14.jpg,croaked растаял
5_15.jpg,croaked растаял
5_16.jpg,croaked растаял
5_17.jpg,croaked растаял
5_18.jpg,croaked растаял
5_19.jpg,croaked растаял
5_20.jpg,croaked растаял
6_-20.jpg,Вот он ваш знак
6_-19.jpg,Вот он ваш знак
6_-18.jpg,Вот он ваш знак
6_-17.jpg,Вот он ваш знак
6_-16.jpg,Вот он ваш знак
6_-15.jpg,Вот он ваш знак
6_-14.jpg,Вот он ваш знак
6_-13.jpg,Вот он ваш знак
6_-12.jpg,Вот он ваш знак
6_-11.jpg,Вот он ваш знак
6_-10.jpg,Вот он ваш знак
6_-9.jpg,Вот он ваш знак
6_-8.jpg,Вот он ваш знак
6_-7.jpg,Вот он ваш знак
6_-6.jpg,Вот он ваш знак
6_-5.jpg,Вот он ваш знак
6_-4.jpg,Вот он ваш знак
6_-3.jpg,Вот он ваш знак
6_-2.jpg,Вот он ваш знак
6_-1.jpg,Вот он ваш знак
6_0.jpg,Вот он ваш знак
6_1.jpg,Вот он ваш знак
6_2.jpg,Вот он ваш знак
6_3.jpg,Вот он ваш знак
6_4.jpg,Вот он ваш знак
6_5.jpg,Вот он ваш знак
6_6.jpg,Вот он ваш знак
6_7.jpg,Вот он ваш знак
6_8.jpg,Вот он ваш знак
6_9.jpg,Вот он ваш знак
6_10.jpg,Вот он ваш знак
6_11.jpg,Вот он ваш знак
6_12.jpg,Вот он ваш знак
6_13.jpg,Вот он ваш знак
6_14.jpg,Вот он ваш знак
6_15.jpg,Вот он ваш знак
6_16.jpg,Вот он ваш знак
6_17.jpg,Вот он ваш знак
6_18.jpg,Вот он ваш знак
6_19.jpg,Вот он ваш знак
6_20.jpg,Вот он ваш знак
7_-20.jpg,величии лишил
7_-19.jpg,величии лишил
7_-18.jpg,величии лишил
7_-17.jpg,величии лишил
7_-16.jpg,величии лишил
7_-15.jpg,величии лишил
7_-14.jpg,величии лишил
7_-13.jpg,величии лишил
7_-12.jpg,величии лишил
7_-11.jpg,величии лишил
7_-10.jpg,величии лишил
7_-9.jpg,величии лишил
7_-8.jpg,величии лишил
7_-7.jpg,величии лишил
7_-6.jpg,величии лишил
7_-5.jpg,величии лишил
7_-4.jpg,величии лишил
7_-3.jpg,величии лишил
7_-2.jpg,величии лишил
7_-1.jpg,величии лишил
7_0.jpg,величии лишил
7_1.jpg,величии лишил
7_2.jpg,величии лишил
7_3.jpg,величии лишил
7_4.jpg,величии лишил
7_5.jpg,величии лишил
7_6.jpg,величии лишил
7_7.jpg,величии лишил
7_8.jpg,величии лишил
7_9.jpg,величии лишил
7_10.jpg,величии лишил
7_11.jpg,величии лишил
7_12.jpg,величии лишил
7_13.jpg,величии лишил
7_14.jpg,величии лишил
7_15.jpg,величии лишил
7_16.jpg,величии лишил
7_17.jpg,величии лишил
7_18.jpg,величии лишил
7_19.jpg,величии лишил
7_20.jpg,величии лишил
8_-20.jpg,серьги корону
8_-19.jpg,серьги корону
8_-18.jpg,серьги корону
8_-17.jpg,серьги корону
8_-16.jpg,серьги корону
8_-15.jpg,серьги корону
8_-14.jpg,серьги корону
8_-13.jpg,серьги корону
8_-12.jpg,серьги корону
8_-11.jpg,серьги корону
8_-10.jpg,серьги корону
8_-9.jpg,серьги корону
8_-8.jpg,серьги корону
8_-7.jpg,серьги корону
8_-6.jpg,серьги корону
8_-5.jpg,серьги корону
8_-4.jpg,серьги корону
8_-3.jpg,серьги корону
8_-2.jpg,серьги корону
8_-1.jpg,серьги корону
8_0.jpg,серьги корону
8_1.jpg,серьги корону
8_2.jpg,серьги корону
8_3.jpg,серьги корону
8_4.jpg,серьги корону
8_5.jpg,серьги корону
8_6.jpg,серьги корону
8_7.jpg,серьги корону
8_8.jpg,серьги корону
8_9.jpg,серьги корону
8_10.jpg,серьги корону
8_11.jpg,серьги корону
8_12.jpg,серьги корону
8_13.jpg,серьги корону
8_14.jpg,серьги корону
8_15.jpg,серьги корону
8_16.jpg,серьги корону
8_17.jpg,серьги корону
8_18.jpg,серьги корону
8_19.jpg,серьги корону
8_20.jpg,серьги корону
9_-20.jpg,гидов лавки
9_-19.jpg,гидов лавки
9_-18.jpg,гидов лавки
9_-17.jpg,гидов лавки
9_-16.jpg,гидов лавки
9_-15.jpg,гидов лавки
9_-14.jpg,гидов лавки
9_-13.jpg,гидов лавки
9_-12.jpg,гидов лавки
9_-11.jpg,гидов лавки
9_-10.jpg,гидов лавки
9_-9.jpg,гидов лавки
9_-8.jpg,гидов лавки
9_-7.jpg,гидов лавки
9_-6.jpg,гидов лавки
9_-5.jpg,гидов лавки
9_-4.jpg,гидов лавки
9_-3.jpg,гидов лавки
9_-2.jpg,гидов лавки
9_-1.jpg,гидов лавки
9_0.jpg,гидов лавки
9_1.jpg,гидов лавки
9_2.jpg,гидов лавки
9_3.jpg,гидов лавки
9_4.jpg,гидов лавки
9_5.jpg,гидов лавки
9_6.jpg,гидов лавки
9_7.jpg,гидов лавки
9_8.jpg,гидов лавки
9_9.jpg,гидов лавки
9_10.jpg,гидов лавки
9_11.jpg,гидов лавки
9_12.jpg,гидов лавки
9_13.jpg,гидов лавки
9_14.jpg,гидов лавки
9_15.jpg,гидов лавки
9_16.jpg,гидов лавки
9_17.jpg,гидов лавки
9_18.jpg,гидов лавки
9_19.jpg,гидов лавки
9_20.jpg,гидов лавки
